{"products":[{"id":"0.615644209003078","qty":3}],"totalPrice":9.970000000000006}