{"products":[{"id":"0.615644209003078","qty":4}],"totalPrice":20.960000000000008}